# boundP, boundP, boundP, boundP, boundP, riseP, riseP, riseP, riseP, riseP, riseP, fallP, fallP, fallP, fallP, 
0.00000,-0.00020,0.02813,-0.19375,13.93428,0.19051,1.70747,-0.03492,0.00063,-0.00001,0.00000,-0.55663,1.15440,-0.00614,0.00003
0.00000,-0.00034,0.02874,0.27222,2.94549,0.62362,1.60341,-0.02725,0.00039,-0.00000,0.00000,-0.70905,1.16684,-0.00676,0.00004
0.00000,-0.00021,0.02314,0.35706,1.56374,0.97554,1.68816,-0.03069,0.00045,-0.00000,0.00000,-0.52250,1.21286,-0.00805,0.00004
-0.00000,0.00040,-0.01788,1.38993,-6.25393,5.72318,1.01701,-0.00462,0.00004,-0.00000,0.00000,-1.36362,1.32947,-0.01081,0.00006
